manufacturer,model,serial_number,device_type,manufactured_date,status,confidenceScore
"Welch Allyn","FILAC3000","A1051223","Thermometer","2010-01-01","Critical","100"
"Welch Allyn","FILAC3000","A1155231X","Thermometer","2011-01-01","Critical","100"
"Welch Allyn","FILAC3000","A1156405","Thermometer","2011-01-01","Critical","100"
"Welch Allyn","FILAC3000","A1156388","Thermometer","2011-01-01","Critical","100"
"Welch Allyn","FILAC3000","A1257682","Thermometer","2012-01-01","Critical","100"
"Welch Allyn","FILAC3000","A1262471","Thermometer","2012-01-01","Critical","100"
"BIOSONIC","UC95","130402317","Ultrasonic Scaler","2013-04-01","Critical","100"
"BIOSONIC","UC95D15","131100008","Ultrasonic Scaler","2013-11-01","Critical","100"
"BIOSONIC","UC95D15","131100002","Ultrasonic Scaler","2013-11-01","Critical","100"
"Welch Allyn","FILAC3000","A1451284X","Thermometer","2014-01-01","Critical","100"
"GE HEALTHCARE","APEX PRO CH","RTS14024388GA","Telemetry Transmitter","2014-02-01","Critical","100"
"Edan Instruments","IM50","M14104900003","Infusion Pump","2014-10-01","Critical","100"
"GE HEALTHCARE","APEX PRO CH","RTS14104454GA","Telemetry Transmitter","2014-10-01","Critical","100"
"GE HEALTHCARE","APEX PRO CH","RTS14104453GA","Telemetry Transmitter","2014-10-01","Critical","100"
"GE HEALTHCARE","APEX PRO CH","RTS14104456GA","Telemetry Transmitter","2014-10-01","Critical","100"
"GE HEALTHCARE","APEX PRO CH","RTS14104450GA","Telemetry Transmitter","2014-10-01","Critical","100"
"Exergen","TAT5000","A1539272","Thermometer","2015-01-01","Critical","100"
"Exergen","TAT5000","A1539493","Thermometer","2015-01-01","Critical","100"
"Exergen","TAT5000","A1539059","Thermometer","2015-01-01","Critical","100"
"Exergen","TAT5000","A1539490","Thermometer","2015-01-01","Critical","100"
"Exergen","TAT5000","A1539270","Thermometer","2015-01-01","Critical","100"
"Exergen","TAT5000","A1539277","Thermometer","2015-01-01","Critical","100"
"Edan Instruments","IM50","M16701760030","Infusion Pump","2016-01-01","Critical","100"
"Edan Instruments","IM50","M16701760034","Infusion Pump","2016-01-01","Critical","100"
"Edan Instruments","IM50","M16701760010","Infusion Pump","2016-01-01","Critical","100"
"Edan Instruments","IM70","M16603730016","Infusion Pump","2016-01-01","Critical","100"
"Edan Instruments","IM70","M16600900014","Infusion Pump","2016-01-01","Critical","100"
"Welch Allyn","FILAC3000","A1656130X","Thermometer","2016-01-01","Critical","100"
"Welch Allyn","FILAC3000","A1661117X","Thermometer","2016-01-01","Critical","100"
"Welch Allyn","FILAC3000","A1661082X","Thermometer","2016-01-01","Critical","100"
"Welch Allyn","FILAC3000","A1661093X","Thermometer","2016-01-01","Critical","100"
"Welch Allyn","FILAC3000","A1661114X","Thermometer","2016-01-01","Critical","100"
"Welch Allyn","FILAC3000","A1656006X","Thermometer","2016-01-01","Critical","100"
"Welch Allyn","FILAC3000","A1656212X","Thermometer","2016-01-01","Critical","100"
"Edan Instruments","ELITEV5","M17902120005","Patient Monitor","2017-01-01","Critical","100"
"Edan Instruments","ELITEV5","M17902120008","Patient Monitor","2017-01-01","Critical","100"
"Edan Instruments","ELITEV5","M17902120007","Patient Monitor","2017-01-01","Critical","100"
"Edan Instruments","IM50","M17602270005","Infusion Pump","2017-01-01","Critical","100"
"Edan Instruments","IM50","M17602270003","Infusion Pump","2017-01-01","Critical","100"
"Cogentix Medical","CST-4000","CS1704F","Cystoscope","2017-04-01","Warning","100"
"Cogentix Medical","CST-4000","CS1705F","Cystoscope","2017-05-01","Warning","100"
"Edan Instruments","IM50","M17101610022","Infusion Pump","2017-10-01","Critical","100"
"Edan Instruments","IM50","M17101610039","Infusion Pump","2017-10-01","Critical","100"
"Edan Instruments","IM50","M17101610030","Infusion Pump","2017-10-01","Critical","100"
"Cogentix Medical","CST-5000","CS0709N","Cystoscope","2018-01-01","Warning","30"
"Cogentix Medical","CST-5000","CS0715N","Cystoscope","2018-01-01","Warning","30"
"Covidien","RAPIDVAC","VL012301X","Surgical Smoke Evacuator","2018-01-01","Warning","30"
"Covidien","RAPIDVAC","VL012165X","Surgical Smoke Evacuator","2018-01-01","Warning","30"
"Covidien","RAPIDVAC","VL012164X","Surgical Smoke Evacuator","2018-01-01","Warning","30"
"Edan Instruments","F9EXPRESS","560039-M11330014","Fetal Monitor","2018-01-01","Warning","30"
"Edan Instruments","F9EXPRESS","560039-M21C11330002","Fetal Monitor","2018-01-01","Warning","30"
"Edan Instruments","F9EXPRESS","560039-M23909480002","Fetal Monitor","2018-01-01","Warning","30"
"Edan Instruments","SE1200EXPRESS","460016-M23116470013","ECG Machine","2018-01-01","Warning","30"
"Edan Instruments","SE1200EXPRESS","460016-M12900650018","ECG Machine","2018-01-01","Warning","30"
"Edan Instruments","SE1200EXPRESS","460016-M23801490029","ECG Machine","2018-01-01","Warning","30"
"Edan Instruments","SE1200EXPRESS","460016-M23801490022","ECG Machine","2018-01-01","Warning","30"
"Edan Instruments","SE1200EXPRESS","460016-M23801490034","ECG Machine","2018-01-01","Warning","30"
"Edan Instruments","SE1200EXPRESS","460016-M23801490035","ECG Machine","2018-01-01","Warning","30"
"Edan Instruments","SE1200EXPRESS","(21)460016-M18706470008","ECG Machine","2018-01-01","Warning","30"
"Edan Instruments","SE1200EXPRESS","460016-K24700210010","ECG Machine","2018-01-01","Warning","30"
"Edan Instruments","SE1200EXPRESS","460016-M246096330015","ECG Machine","2018-01-01","Warning","30"
"Edan Instruments","SE1200EXPRESS","311094-M16611040004","ECG Machine","2018-01-01","Warning","30"
"Edan Instruments","SE1200EXPRESS","M14B08690005","ECG Machine","2018-01-01","Warning","30"
"Edan Instruments","SE1200EXPRESS","M24A2930014","ECG Machine","2018-01-01","Warning","30"
"Edan Instruments","SE1200EXPRESS","M24A02930002","ECG Machine","2018-01-01","Warning","30"
"Edan Instruments","SE1200EXPRESS","M24A02930001","ECG Machine","2018-01-01","Warning","30"
"Edan Instruments","IM50","3331333-M14900008","Infusion Pump","2018-01-01","Critical","30"
"Edan Instruments","IM50","3331333-M14104900002","Infusion Pump","2018-01-01","Critical","30"
"Edan Instruments","IM50","3331333-M14104900009","Infusion Pump","2018-01-01","Critical","30"
"Edan Instruments","IM50","M17A03210041","Infusion Pump","2018-01-01","Critical","30"
"Edan Instruments","IM50","M18709800015","Infusion Pump","2018-01-01","Critical","100"
"Edan Instruments","IM70","M18414780039","Infusion Pump","2018-01-01","Critical","100"
"Edan Instruments","IM70","M18414780018","Infusion Pump","2018-01-01","Critical","100"
"Edan Instruments","IM70","M18414780026","Infusion Pump","2018-01-01","Critical","100"
"Edan Instruments","IM70","M18414780044","Infusion Pump","2018-01-01","Critical","100"
"Edan Instruments","IM70","M18414780027","Infusion Pump","2018-01-01","Critical","100"
"Edan Instruments","IM70","M18414780031","Infusion Pump","2018-01-01","Critical","100"
"Edan Instruments","IM70","M18414780047","Infusion Pump","2018-01-01","Critical","100"
"Edan Instruments","IM70","M18414780019","Infusion Pump","2018-01-01","Critical","100"
"Edan Instruments","iT20","M24A15750012","Patient Monitor","2018-01-01","Critical","30"
"Edan Instruments","iT20","M24A15750016","Patient Monitor","2018-01-01","Critical","30"
"Edan Instruments","iT20","M24A15750002","Patient Monitor","2018-01-01","Critical","30"
"Edan Instruments","iT20","M24A15750003","Patient Monitor","2018-01-01","Critical","30"
"Edan Instruments","iT20","M24A15750001","Patient Monitor","2018-01-01","Critical","30"
"Edan Instruments","iT20","M24A15750018","Patient Monitor","2018-01-01","Critical","30"
"Edan Instruments","iT20","M24A15750019","Patient Monitor","2018-01-01","Critical","30"
"Edan Instruments","iT20","M24A15750011","Patient Monitor","2018-01-01","Critical","30"
"Edan Instruments","iT20","M24A15750010","Patient Monitor","2018-01-01","Critical","30"
"Edan Instruments","iT20","M24A15750009","Patient Monitor","2018-01-01","Critical","30"
"Edan Instruments","iT20","M18909080003","Patient Monitor","2018-01-01","Critical","100"
"Hillrom","CENTURY","02R2981999","Hospital Bed","2018-01-01","Warning","30"
"Hillrom","CENTURYP1400","10L9791999","Hospital Bed","2018-01-01","Warning","30"
"Hillrom","CENTURYP1400","10L7601999","Hospital Bed","2018-01-01","Warning","30"
"Hillrom","CENTURYP1400","10L2981999","Hospital Bed","2018-01-01","Warning","30"
"Hillrom","CENTURYP1400","10L2591999","Hospital Bed","2018-01-01","Warning","30"
"Hillrom","CENTURY","12M1281998","Hospital Bed","2018-01-01","Warning","30"
"Hillrom","CENTURY","02R3141999","Hospital Bed","2018-01-01","Warning","30"
"Hillrom","CENTURYP1400","10L7571999","Hospital Bed","2018-01-01","Warning","30"
"Hillrom","CENTURY","12M0591998","Hospital Bed","2018-01-01","Warning","30"
"Hillrom","CENTURYP1400","10L7531999","Hospital Bed","2018-01-01","Warning","30"
"Hillrom","PCENTURYK3256","12M0551998","Hospital Bed","2018-01-01","Warning","30"
"Hillrom","PCENTURYK3256","02R3391999","Hospital Bed","2018-01-01","Warning","30"
"Hillrom","CENTURY","02R3241999","Hospital Bed","2018-01-01","Warning","30"
"Hillrom","CENTURY","12M0561998","Hospital Bed","2018-01-01","Warning","30"
"Hillrom","CENTURYP1400","10L7541999","Hospital Bed","2018-01-01","Warning","30"
"Hillrom","CENTURY","02R3631999","Hospital Bed","2018-01-01","Warning","30"
"Hillrom","CENTURY","12M1101998","Hospital Bed","2018-01-01","Warning","30"
"Hillrom","CENTURY","10L9201999","Hospital Bed","2018-01-01","Warning","30"
"Hillrom","P3200","M154AD1453","Hospital Bed","2018-01-01","Warning","30"
"Hillrom","P3200","M140AD0664","Hospital Bed","2018-01-01","Warning","30"
"Hillrom","P3200","J140AD7241","Hospital Bed","2018-01-01","Warning","30"
"Hillrom","P3200","J309AD1600","Hospital Bed","2018-01-01","Warning","30"
"Hillrom","P3200","J140AD7236","Hospital Bed","2018-01-01","Warning","30"
"Hillrom","P3200","J140AD7193","Hospital Bed","2018-01-01","Warning","30"
"Hillrom","P3200","J134AT6928","Hospital Bed","2018-01-01","Warning","30"
"Hillrom","P3200","J127AD6526","Hospital Bed","2018-01-01","Warning","30"
"Hospira","PLUMA+","17432148","Infusion Pump","2018-01-01","Critical","30"
"Hospira","PLUMA+","17434560","Infusion Pump","2018-01-01","Critical","30"
"Hospira","PLUMA+","17441256","Infusion Pump","2018-01-01","Critical","30"
"Hospira","PLUMA+","17434159","Infusion Pump","2018-01-01","Critical","30"
"Hospira","PLUMA+","17433989","Infusion Pump","2018-01-01","Critical","30"
"Hospira","PLUMA+","17434093","Infusion Pump","2018-01-01","Critical","30"
"Hospira","PLUMA+","17434354","Infusion Pump","2018-01-01","Critical","30"
"Hospira","PLUMA+","17441237","Infusion Pump","2018-01-01","Critical","30"
"Hospira","PLUMA+","17434074","Infusion Pump","2018-01-01","Critical","30"
"Hospira","PLUMA+","17434027","Infusion Pump","2018-01-01","Critical","30"
"Hospira","PLUMA+","17441209","Infusion Pump","2018-01-01","Critical","30"
"Hospira","PLUMA+","17434472","Infusion Pump","2018-01-01","Critical","30"
"Hospira","PLUMA+","17434162","Infusion Pump","2018-01-01","Critical","30"
"Hospira","PLUMA+","17434475","Infusion Pump","2018-01-01","Critical","30"
"Hospira","PLUMA+","17434779","Infusion Pump","2018-01-01","Critical","30"
"Hospira","PLUMA+","17434141","Infusion Pump","2018-01-01","Critical","30"
"Hospira","PLUMA+","17434321","Infusion Pump","2018-01-01","Critical","30"
"Hospira","PLUMA+","17434383","Infusion Pump","2018-01-01","Critical","30"
"Hospira","PLUMA+","1744041","Infusion Pump","2018-01-01","Critical","30"
"Hospira","PLUMA+","17434024","Infusion Pump","2018-01-01","Critical","30"
"Hospira","PLUMA+","17434118","Infusion Pump","2018-01-01","Critical","30"
"Hospira","PLUMA+","17440578","Infusion Pump","2018-01-01","Critical","30"
"Hospira","PLUMA+","17440768","Infusion Pump","2018-01-01","Critical","30"
"Hospira","PLUMA+","17434139","Infusion Pump","2018-01-01","Critical","30"
"Hospira","PLUMA+","17433973","Infusion Pump","2018-01-01","Critical","30"
"Hospira","PLUMA+","17434426","Infusion Pump","2018-01-01","Critical","30"
"Hospira","PLUMA+","17434019","Infusion Pump","2018-01-01","Critical","30"
"Hospira","PLUMA+","17433363","Infusion Pump","2018-01-01","Critical","30"
"Hospira","PLUMA+","17434142","Infusion Pump","2018-01-01","Critical","30"
"Hospira","PLUMA+","17434703","Infusion Pump","2018-01-01","Critical","30"
"Hospira","PLUMA+","17434212","Infusion Pump","2018-01-01","Critical","30"
"Hospira","PLUMA+","17434094","Infusion Pump","2018-01-01","Critical","30"
"Hospira","PLUMA+","17433443","Infusion Pump","2018-01-01","Critical","30"
"Hospira","PLUMA+","17434341","Infusion Pump","2018-01-01","Critical","30"
"Hospira","PLUMA+","17441087","Infusion Pump","2018-01-01","Critical","30"
"Hospira","PLUMA+","17440640","Infusion Pump","2018-01-01","Critical","30"
"Hospira","PLUMA+","17434396","Infusion Pump","2018-01-01","Critical","30"
"Hospira","PLUMA+","17434332","Infusion Pump","2018-01-01","Critical","30"
"Hospira","PLUMA+","17434726","Infusion Pump","2018-01-01","Critical","30"
"Hospira","PLUMA+","17434435","Infusion Pump","2018-01-01","Critical","30"
"Hospira","PLUMA+","17434513","Infusion Pump","2018-01-01","Critical","30"
"Hospira","PLUMA+","17434161","Infusion Pump","2018-01-01","Critical","30"
"Hospira","PLUMA+","17434177","Infusion Pump","2018-01-01","Critical","30"
"Hospira","PLUMA+","17434000","Infusion Pump","2018-01-01","Critical","30"
"Hospira","PLUMA+","17431765","Infusion Pump","2018-01-01","Critical","30"
"Hospira","PLUMA+","17434512","Infusion Pump","2018-01-01","Critical","30"
"Hospira","PLUMA+","17433246","Infusion Pump","2018-01-01","Critical","30"
"Hospira","PLUMA+","17434039","Infusion Pump","2018-01-01","Critical","30"
"Hospira","PLUMA+","17432437","Infusion Pump","2018-01-01","Critical","30"
"Hospira","PLUMA+","17434735","Infusion Pump","2018-01-01","Critical","30"
"Hospira","PLUMA+","17434064","Infusion Pump","2018-01-01","Critical","30"
"Hospira","PLUMA+","17441258","Infusion Pump","2018-01-01","Critical","30"
"Hospira","PLUMA+","17441252","Infusion Pump","2018-01-01","Critical","30"
"Hospira","PLUMA+","17441249","Infusion Pump","2018-01-01","Critical","30"
"Hospira","PLUMA+","17441084","Infusion Pump","2018-01-01","Critical","30"
"Hospira","PLUMA+","17480601","Infusion Pump","2018-01-01","Critical","30"
"Hospira","PLUMA+","17434454","Infusion Pump","2018-01-01","Critical","30"
"Hospira","PLUMA+","17451880","Infusion Pump","2018-01-01","Critical","30"
"Jiangmen Dacheng Medical Equipment Co.","IOB-507","WU20240630EN","Unknown Device","2018-01-01","Warning","30"
"Jiangmen Dacheng Medical Equipment Co.","IOB-507","WU202406267EN","Unknown Device","2018-01-01","Warning","30"
"Jiangmen Dacheng Medical Equipment Co.","IOB-507","WU202406209EN","Unknown Device","2018-01-01","Warning","30"
"Jiangmen Dacheng Medical Equipment Co.","IOB-507","WU202406190EN","Unknown Device","2018-01-01","Warning","30"
"Jiangmen Dacheng Medical Equipment Co.","IOB-507","WU202406189EN","Unknown Device","2018-01-01","Warning","30"
"Jiangmen Dacheng Medical Equipment Co.","IOB-507","WU202108144EN","Unknown Device","2018-01-01","Warning","30"
"Jiangmen Dacheng Medical Equipment Co.","IOB-507","WU202108189EN","Unknown Device","2018-01-01","Warning","30"
"Jiangmen Dacheng Medical Equipment Co.","IOB-507","WU202108193EN","Unknown Device","2018-01-01","Warning","30"
"Jiangmen Dacheng Medical Equipment Co.","IOB-507","WU202406183EN","Unknown Device","2018-01-01","Warning","30"
"Jiangmen Dacheng Medical Equipment Co.","IOB-507","WU202108205EN","Unknown Device","2018-01-01","Warning","30"
"Jiangmen Dacheng Medical Equipment Co.","IOB-507","WU202406249EN","Unknown Device","2018-01-01","Warning","30"
"Jiangmen Dacheng Medical Equipment Co.","IOB-507","WU202406266EN","Unknown Device","2018-01-01","Warning","30"
"Jiangmen Dacheng Medical Equipment Co.","IOB-507","WU202406252EN","Unknown Device","2018-01-01","Warning","30"
"Jiangmen Dacheng Medical Equipment Co.","IOB-507","WU202406237EN","Unknown Device","2018-01-01","Warning","30"
"Jiangmen Dacheng Medical Equipment Co.","IOB-507","WU202406187EN","Unknown Device","2018-01-01","Warning","30"
"Jiangmen Dacheng Medical Equipment Co.","IOB-507","WU202406188EN","Unknown Device","2018-01-01","Warning","30"
"Jiangmen Dacheng Medical Equipment Co.","IOB-507","WU202108208EN","Unknown Device","2018-01-01","Warning","30"
"Mindray","BENEVISION N15","FS-28042613","Patient Monitor","2018-01-01","Critical","30"
"Mindray","BENEVISION N15","FS-28042614","Patient Monitor","2018-01-01","Critical","30"
"Mindray","BENEVISION N15","FS-28042615","Patient Monitor","2018-01-01","Critical","30"
"Mindray","BENEVISION N15","F5-28042623","Patient Monitor","2018-01-01","Critical","30"
"Mindray","BENEVISION N15","FS-28042602","Patient Monitor","2018-01-01","Critical","30"
"Mindray","BENEVISION N15","FS-28042236","Patient Monitor","2018-01-01","Critical","30"
"Mindray","BENEVISION N15","F5-11025372","Patient Monitor","2018-01-01","Critical","30"
"Mindray","EPM12MA","AH9-3C001824","Patient Monitor","2018-01-01","Critical","30"
"Mindray","EPM12MA","AH9-3C001806","Patient Monitor","2018-01-01","Critical","30"
"Mindray","EPM12MA","AH9-3A001717","Patient Monitor","2018-01-01","Critical","30"
"Mindray","EPM12MA","AH9-3A001716","Patient Monitor","2018-01-01","Critical","30"
"Mindray","EPM12MA","AH9-3A001721","Patient Monitor","2018-01-01","Critical","30"
"Mindray","EPM12MA","AH9-3C001812","Patient Monitor","2018-01-01","Critical","30"
"Mindray","EPM12MA","AH9-3A001718","Patient Monitor","2018-01-01","Critical","30"
"Mindray","EPM12MA","AH9-3C001805","Patient Monitor","2018-01-01","Critical","30"
"Mindray","EPM12MA","AH9-34001722","Patient Monitor","2018-01-01","Critical","30"
"Mindray","EPM12MA","AH9-3C001789","Patient Monitor","2018-01-01","Critical","30"
"Mindray","EPM12MA","AH9-3C001781","Patient Monitor","2018-01-01","Critical","30"
"Mindray","EPM12MA","AH9-3C001814","Patient Monitor","2018-01-01","Critical","30"
"Mindray","EPM12MA","AH9-3C001780","Patient Monitor","2018-01-01","Critical","30"
"Mindray","EPM12MA","AH9-27000897","Patient Monitor","2018-01-01","Critical","30"
"Mindray","EPM12MA","AH9-26000857","Patient Monitor","2018-01-01","Critical","30"
"Mindray","EPM12MA","AH9-26000861","Patient Monitor","2018-01-01","Critical","30"
"Mindray","EPM12MA","AH9-26000860","Patient Monitor","2018-01-01","Critical","30"
"Mindray","EPM12MA","AH9-26000859","Patient Monitor","2018-01-01","Critical","30"
"Olympus","CV190","7500545","Endoscope","2018-01-01","Warning","30"
"Olympus","CV190","7500311","Endoscope","2018-01-01","Warning","30"
"Olympus","CV190","7500445","Endoscope","2018-01-01","Warning","30"
"Olympus","CV190","75500364","Endoscope","2018-01-01","Warning","30"
"Olympus","CV190","7500389","Endoscope","2018-01-01","Warning","30"
"Olympus","CV190","7500566","Endoscope","2018-01-01","Warning","30"
"Philips","INTELLIVUE MP20","DE72870252","Patient Monitor","2018-01-01","Critical","30"
"Philips","INTELLIVUE MP20","DE62229313","Patient Monitor","2018-01-01","Critical","30"
"Philips","INTELLIVUE MP20","DE54011343","Patient Monitor","2018-01-01","Critical","30"
"Philips","INTELLIVUE MP20","DE72832824","Patient Monitor","2018-01-01","Critical","30"
"Philips","INTELLIVUE MP20","DE72870263","Patient Monitor","2018-01-01","Critical","30"
"Philips","INTELLIVUE MP20","DE72856013","Patient Monitor","2018-01-01","Critical","30"
"Philips","INTELLIVUE MP20","DE54011333","Patient Monitor","2018-01-01","Critical","30"
"Philips","INTELLIVUE MP20","DE54011319","Patient Monitor","2018-01-01","Critical","30"
"Philips","INTELLIVUE MP20","DE54011330","Patient Monitor","2018-01-01","Critical","30"
"Philips","INTELLIVUE MP20","DE62223081","Patient Monitor","2018-01-01","Critical","30"
"Philips","INTELLIVUE MP20","DE62229345","Patient Monitor","2018-01-01","Critical","30"
"Philips","INTELLIVUE MP20","DE72856005","Patient Monitor","2018-01-01","Critical","30"
"Philips","INTELLIVUE MP30","DE728A5916","Patient Monitor","2018-01-01","Critical","30"
"Philips","INTELLIVUE MP50","DE82001700","Patient Monitor","2018-01-01","Critical","30"
"Philips","INTELLIVUE MP50","DE82061694","Patient Monitor","2018-01-01","Critical","30"
"Philips","INTELLIVUE MP50","DE82061728","Patient Monitor","2018-01-01","Critical","30"
"Philips","INTELLIVUE MP50","DE82061726","Patient Monitor","2018-01-01","Critical","30"
"Philips","INTELLIVUE MP50","DE82061785","Patient Monitor","2018-01-01","Critical","30"
"Philips","INTELLIVUE MP50","DE82061747","Patient Monitor","2018-01-01","Critical","30"
"Philips","INTELLIVUE MP50","DE82099472","Patient Monitor","2018-01-01","Critical","30"
"Philips","INTELLIVUE MP50","DE82061749","Patient Monitor","2018-01-01","Critical","30"
"Philips","INTELLIVUE MP50","DE82061730","Patient Monitor","2018-01-01","Critical","30"
"Philips","INTELLIVUE MP50","DE82061733","Patient Monitor","2018-01-01","Critical","30"
"Philips","INTELLIVUE MP50","DE82061720","Patient Monitor","2018-01-01","Critical","30"
"Philips","INTELLIVUE MP50","82061692","Patient Monitor","2018-01-01","Critical","30"
"Philips","INTELLIVUE MP50","DE82061717","Patient Monitor","2018-01-01","Critical","30"
"Philips","INTELLIVUE MP50","DE82061736","Patient Monitor","2018-01-01","Critical","30"
"Philips","INTELLIVUE MP50","DE82061763","Patient Monitor","2018-01-01","Critical","30"
"Philips","INTELLIVUE MP50","DE82061695","Patient Monitor","2018-01-01","Critical","30"
"Philips","INTELLIVUE MP50","DE882061716","Patient Monitor","2018-01-01","Critical","30"
"Philips","INTELLIVUE MP50","DE82099502","Patient Monitor","2018-01-01","Critical","30"
"Philips","INTELLIVUE MP50","DE82099483","Patient Monitor","2018-01-01","Critical","30"
"Philips","INTELLIVUE MP50","DE82061791","Patient Monitor","2018-01-01","Critical","30"
"Philips","INTELLIVUE MP50","DE820A3726","Patient Monitor","2018-01-01","Critical","30"
"Philips","INTELLIVUE MX40","3569208","Patient Monitor","2018-01-01","Critical","30"
"Philips","INTELLIVUE MX40","3569221","Patient Monitor","2018-01-01","Critical","30"
"Philips","INTELLIVUE MX40","3569227","Patient Monitor","2018-01-01","Critical","30"
"Philips","INTELLIVUE MX40","3569212","Patient Monitor","2018-01-01","Critical","30"
"Philips","M3002A","DE73608832","Patient Monitor","2018-01-01","Critical","30"
"Philips","M3002A","DE83623218","Patient Monitor","2018-01-01","Critical","30"
"Stryker","1061","109035466","Surgical Table","2018-01-01","Warning","30"
"THERMO SCIENTIFIC","SMARTVUE915","18175660D4C1","Temperature Monitor","2018-01-01","Warning","30"
"THERMO SCIENTIFIC","SMARTVUE915","18175660D4D3","Temperature Monitor","2018-01-01","Warning","30"
"THERMO SCIENTIFIC","SMARTVUE915","18175660CABF","Temperature Monitor","2018-01-01","Warning","30"
"THERMO SCIENTIFIC","SMARTVUE915","18355660D0LE","Temperature Monitor","2018-01-01","Warning","30"
"THERMO SCIENTIFIC","SMARTVUE915","18175660CB13","Temperature Monitor","2018-01-01","Warning","30"
"THERMO SCIENTIFIC","SMARTVUE915","18175660CABC","Temperature Monitor","2018-01-01","Warning","30"
"THERMO SCIENTIFIC","SMARTVUE915","181751606DFD","Temperature Monitor","2018-01-01","Warning","30"
"Unico","G380PL LED","G38L-20141208","Centrifuge","2018-01-01","Warning","30"
"Welch Allyn","FILAC3000","1863046X","Thermometer","2018-01-01","Warning","30"
"Welch Allyn","SURETEMPPLUS","7432348","Thermometer","2018-01-01","Warning","30"
"Welch Allyn","SURETEMPPLUS","(21) 23038261","Thermometer","2018-01-01","Warning","30"
"Welch Allyn","SURETEMPPLUS","747969","Thermometer","2018-01-01","Warning","30"
"Welch Allyn","SURETEMPPLUS","7445105","Thermometer","2018-01-01","Warning","30"
"Welch Allyn","SURETEMPPLUS","074321PO","Thermometer","2018-01-01","Warning","30"
"ZOLL Medical","AEDPLUS","X22F478419","AED","2018-01-01","Warning","30"
"ZOLL Medical","AEDPLUS","X23L761535","AED","2018-01-01","Warning","30"
"ZOLL Medical","AEDPLUS","(21) X19G176549","AED","2018-01-01","Warning","30"
"ZOLL Medical","AEDPLUS","X22E470885","AED","2018-01-01","Warning","30"
"ZOLL Medical","AEDPLUS","X18E025923","AED","2018-01-01","Warning","30"
"ZOLL Medical","AEDPLUS","X25I944351","AED","2018-01-01","Warning","30"
"ZOLL Medical","AEDPLUS","X25I944935","AED","2018-01-01","Warning","30"
"ZOLL Medical","M SERIES","T09B109955","Defibrillator","2018-01-01","Critical","30"
"ZOLL Medical","M SERIES","T04G0718","Defibrillator","2018-01-01","Critical","30"
"ZOLL Medical","M SERIES","3T13D131852","Defibrillator","2018-01-01","Critical","30"
"ZOLL Medical","M SERIES","T15F135497","Defibrillator","2018-01-01","Critical","30"
"ZOLL Medical","M SERIES","T12L131022","Defibrillator","2018-01-01","Critical","30"
"ZOLL Medical","M SERIES","T09B109792","Defibrillator","2018-01-01","Critical","30"
"ZOLL Medical","M SERIES","T12B127729","Defibrillator","2018-01-01","Critical","30"
"ZOLL Medical","M SERIES","D16B136583","Defibrillator","2018-01-01","Critical","30"
"ZOLL Medical","M SERIES","T09K116484","Defibrillator","2018-01-01","Critical","30"
"ZOLL Medical","M SERIES","T03D45722","Defibrillator","2018-01-01","Critical","30"
"ZOLL Medical","M SERIES","T15B135017","Defibrillator","2018-01-01","Critical","30"
"ZOLL Medical","M SERIES","T11D124677","Defibrillator","2018-01-01","Critical","30"
"ZOLL Medical","M SERIES","t1k132871","Defibrillator","2018-01-01","Critical","30"
"ZOLL Medical","M SERIES","T08103497","Defibrillator","2018-01-01","Critical","30"
"ZOLL Medical","M SERIES","T14F133985","Defibrillator","2018-01-01","Critical","30"
"ZOLL Medical","M SERIES","T04F60157","Defibrillator","2018-01-01","Critical","30"
"ZOLL Medical","M SERIES","T098109977","Defibrillator","2018-01-01","Critical","30"
"ZOLL Medical","M SERIES","T0787302","Defibrillator","2018-01-01","Critical","30"
"ZOLL Medical","M SERIES","T14E133852","Defibrillator","2018-01-01","Critical","30"
"ZOLL Medical","M SERIES","T04H61597","Defibrillator","2018-01-01","Critical","30"
"ZOLL Medical","M SERIES","T16E136987","Defibrillator","2018-01-01","Critical","30"
"ZOLL Medical","M SERIES","T13D131863","Defibrillator","2018-01-01","Critical","30"
"ZOLL Medical","M SERIES","T04D57875","Defibrillator","2018-01-01","Critical","30"
"ZOLL Medical","M SERIES","T10G121505","Defibrillator","2018-01-01","Critical","30"
"ZOLL Medical","M SERIES","T04A54870","Defibrillator","2018-01-01","Critical","30"
"ZOLL Medical","M SERIES","T03G48599","Defibrillator","2018-01-01","Critical","30"
"ZOLL Medical","M SERIES","T13D131879","Defibrillator","2018-01-01","Critical","30"
"ZOLL Medical","M SERIES","T16B136570","Defibrillator","2018-01-01","Critical","30"
"ZOLL Medical","M SERIES","T12B127735","Defibrillator","2018-01-01","Critical","30"
"ZOLL Medical","RSERIES","AF23L173769","Defibrillator","2018-01-01","Critical","30"
"ZOLL Medical","RSERIES","AF23L173935","Defibrillator","2018-01-01","Critical","30"
"ZOLL Medical","RSERIES","AF25G186555","Defibrillator","2018-01-01","Critical","30"
"ZOLL Medical","RSERIES","AF25J188748","Defibrillator","2018-01-01","Critical","30"
"ZOLL Medical","RSERIES","AF23G169205","Defibrillator","2018-01-01","Critical","30"
"ZOLL Medical","RSERIES","AF24I180367","Defibrillator","2018-01-01","Critical","30"
"ZOLL Medical","RSERIES","AF23G169292","Defibrillator","2018-01-01","Critical","30"
"ZOLL Medical","RSERIES","AF23G169321","Defibrillator","2018-01-01","Critical","30"
"ZOLL Medical","RSERIES","AF24A174904","Defibrillator","2018-01-01","Critical","30"
"ZOLL Medical","RSERIES","AF24A174867","Defibrillator","2018-01-01","Critical","30"
"ZOLL Medical","RSERIES","AF24C175990","Defibrillator","2018-01-01","Critical","30"
"ZOLL Medical","RSERIES","AF24C175991","Defibrillator","2018-01-01","Critical","30"
"ZOLL Medical","RSERIES","AF19A091958","Defibrillator","2018-01-01","Critical","30"
"ZOLL Medical","RSERIES","AF23G169315","Defibrillator","2018-01-01","Critical","30"
"ZOLL Medical","RSERIES","AF24F178630","Defibrillator","2018-01-01","Critical","30"
"ZOLL Medical","RSERIES","AF24G179402","Defibrillator","2018-01-01","Critical","30"
"ZOLL Medical","RSERIES","AF24G179173","Defibrillator","2018-01-01","Critical","30"
"ZOLL Medical","RSERIES","AF24G178993","Defibrillator","2018-01-01","Critical","30"
"ZOLL Medical","RSERIES","AF24G179155","Defibrillator","2018-01-01","Critical","30"
"ZOLL Medical","RSERIES","AF24G179510","Defibrillator","2018-01-01","Critical","30"
"ZOLL Medical","RSERIES","AF24H179829","Defibrillator","2018-01-01","Critical","30"
"ZOLL Medical","RSERIES","AF24G179180","Defibrillator","2018-01-01","Critical","30"
"ZOLL Medical","RSERIES","AF24F178395","Defibrillator","2018-01-01","Critical","30"
"ZOLL Medical","RSERIES","AF24G179153","Defibrillator","2018-01-01","Critical","30"
"ZOLL Medical","RSERIES","AF24G179186","Defibrillator","2018-01-01","Critical","30"
"ZOLL Medical","RSERIES","AF24E178300","Defibrillator","2018-01-01","Critical","30"
"ZOLL Medical","RSERIES","AF24G179403","Defibrillator","2018-01-01","Critical","30"
"ZOLL Medical","RSERIES","AF24G179158","Defibrillator","2018-01-01","Critical","30"
"ZOLL Medical","RSERIES","AF25L189983","Defibrillator","2018-01-01","Critical","30"
"ZOLL Medical","RSERIES","AF23G169217","Defibrillator","2018-01-01","Critical","30"
"ZOLL Medical","R Series Plus","AF11L019703","Defibrillator","2018-01-01","Critical","30"
"ZOLL Medical","X Series","AR13L006530","Defibrillator","2018-01-01","Critical","30"
"ZOLL Medical","Propaq Md","AI10L000824","Patient Monitor","2018-01-01","Critical","30"
"ZOLL Medical","R Series ALS","AF16L061223","Defibrillator","2018-01-01","Critical","30"
"ZOLL Medical","R Series ALS","AF17D065076","Defibrillator","2018-01-01","Critical","30"
"ZOLL Medical","R Series ALS","AF17D065023","Defibrillator","2018-01-01","Critical","30"
"ZOLL Medical","R Series ALS","AF17D065078","Defibrillator","2018-01-01","Critical","30"
"ZOLL Medical","R Series ALS","AF17D065063","Defibrillator","2018-01-01","Critical","30"
"ZOLL Medical","R Series ALS","AV17D064978","Defibrillator","2018-01-01","Critical","30"
"ZOLL Medical","R Series ALS","AF17D065082","Defibrillator","2018-01-01","Critical","30"
"ZOLL Medical","R Series ALS","AF17D065057","Defibrillator","2018-01-01","Critical","30"
"ZOLL Medical","R Series ALS","AF17D065077","Defibrillator","2018-01-01","Critical","30"
"ZOLL Medical","R Series ALS","AF17D065075","Defibrillator","2018-01-01","Critical","30"
"ZOLL Medical","R Series ALS","AF17D064998","Defibrillator","2018-01-01","Critical","30"
"ZOLL Medical","R Series ALS","AF17D065062","Defibrillator","2018-01-01","Critical","30"
"ZOLL Medical","R Series","AF17D065064","Defibrillator","2018-01-01","Critical","30"
"ZOLL Medical","R Series ALS","AF16C054998","Defibrillator","2018-01-01","Critical","30"
"ZOLL Medical","R Series ALS","AF16D055364","Defibrillator","2018-01-01","Critical","30"
"ZOLL Medical","R Series ALS","AF16D055704","Defibrillator","2018-01-01","Critical","30"
"ZOLL Medical","R Series ALS","AF16H058404","Defibrillator","2018-01-01","Critical","30"
"ZOLL Medical","R Series ALS","AF16H057957","Defibrillator","2018-01-01","Critical","30"
"ZOLL Medical","R Series ALS","AF16H058410","Defibrillator","2018-01-01","Critical","30"
"ZOLL Medical","R Series ALS","AF16H058183","Defibrillator","2018-01-01","Critical","30"
"ZOLL Medical","Propaq Md","AI10L000796","Patient Monitor","2018-01-01","Critical","30"
"ZOLL Medical","Propaq Md","AI10L000816","Patient Monitor","2018-01-01","Critical","30"
"ZOLL Medical","Propaq Md","AI10L000819","Patient Monitor","2018-01-01","Critical","30"
"ZOLL Medical","X Series","AR18G033409","Defibrillator","2018-01-01","Critical","30"
"ZOLL Medical","X Series","AR21A054264","Defibrillator","2018-01-01","Critical","30"
"ZOLL Medical","X Series","AR22L073058","Defibrillator","2018-01-01","Critical","30"
"ZOLL Medical","X Series","AR20A045649","Defibrillator","2018-01-01","Critical","30"
"ZOLL Medical","Propaq Md","AI11F001156","Patient Monitor","2018-01-01","Critical","30"
"ZOLL Medical","X Series","AR20C047049","Defibrillator","2018-01-01","Critical","30"
"ZOLL Medical","X Series","AR20B046467","Defibrillator","2018-01-01","Critical","30"
"ZOLL Medical","X Series","AR20A045327","Defibrillator","2018-01-01","Critical","30"
"ZOLL Medical","Propaq Md","ai15c003871","Patient Monitor","2018-01-01","Critical","30"
"ZOLL Medical","X Series","AR18C030657","Defibrillator","2018-01-01","Critical","30"
"ZOLL Medical","X Series","AR20C047039","Defibrillator","2018-01-01","Critical","30"
"ZOLL Medical","X Series","AR17B023487","Defibrillator","2018-01-01","Critical","30"
"ZOLL Medical","X Series","AR25C090387","Defibrillator","2018-01-01","Critical","30"
"ZOLL Medical","X Series","AR22E067679","Defibrillator","2018-01-01","Critical","30"
"ZOLL Medical","R Series ALS","AF19B092952","Defibrillator","2018-01-01","Critical","30"
"ZOLL Medical","R Series ALS","AF19B092950","Defibrillator","2018-01-01","Critical","30"
"ZOLL Medical","R Series ALS","AF19B092199","Defibrillator","2018-01-01","Critical","30"
"ZOLL Medical","R Series ALS","AF19B092935","Defibrillator","2018-01-01","Critical","30"
"ZOLL Medical","R Series ALS","AF19B092455","Defibrillator","2018-01-01","Critical","30"
"ZOLL Medical","R Series ALS","AF19B092465","Defibrillator","2018-01-01","Critical","30"
"ZOLL Medical","R Series ALS","AF19B092949","Defibrillator","2018-01-01","Critical","30"
"ZOLL Medical","R Series ALS","AF19B092928","Defibrillator","2018-01-01","Critical","30"
"ZOLL Medical","R Series ALS","AF19B092207","Defibrillator","2018-01-01","Critical","30"
"ZOLL Medical","R Series ALS","AF19B092946","Defibrillator","2018-01-01","Critical","30"
"ZOLL Medical","R Series ALS","AF19B092943","Defibrillator","2018-01-01","Critical","30"
"ZOLL Medical","R Series ALS","AF19B092936","Defibrillator","2018-01-01","Critical","30"
"ZOLL Medical","R Series ALS","AF19B092428","Defibrillator","2018-01-01","Critical","30"
"ZOLL Medical","R Series ALS","AF19B092467","Defibrillator","2018-01-01","Critical","30"
"ZOLL Medical","R Series ALS","AF19B092223","Defibrillator","2018-01-01","Critical","30"
"ZOLL Medical","R Series ALS","AF19B092456","Defibrillator","2018-01-01","Critical","30"
"ZOLL Medical","R Series ALS","AF19B092482","Defibrillator","2018-01-01","Critical","30"
"ZOLL Medical","R Series ALS","AF19B092446","Defibrillator","2018-01-01","Critical","30"
"ZOLL Medical","R Series ALS","AF18L089149","Defibrillator","2018-01-01","Critical","30"
"ZOLL Medical","R Series ALS","AF19F099133","Defibrillator","2018-01-01","Critical","30"
"ZOLL Medical","R Series ALS","AF19F099132","Defibrillator","2018-01-01","Critical","30"
"ZOLL Medical","R Series ALS","AF19F099189","Defibrillator","2018-01-01","Critical","30"
"ZOLL Medical","R Series ALS","AF19F099267","Defibrillator","2018-01-01","Critical","30"
"ZOLL Medical","R Series ALS","AF19F099254","Defibrillator","2018-01-01","Critical","30"
"ZOLL Medical","R Series ALS","AF19D096889","Defibrillator","2018-01-01","Critical","30"
"ZOLL Medical","R Series ALS","AF19E096912","Defibrillator","2018-01-01","Critical","30"
"ZOLL Medical","R Series ALS","AF19F099305","Defibrillator","2018-01-01","Critical","30"
"ZOLL Medical","R Series ALS","AF19F099263","Defibrillator","2018-01-01","Critical","30"
"ZOLL Medical","R Series ALS","AF19F099134","Defibrillator","2018-01-01","Critical","30"
"ZOLL Medical","R Series ALS","AF19F099298","Defibrillator","2018-01-01","Critical","30"
"GE HEALTHCARE","APEX PRO CH","RT908362478GA","Telemetry Transmitter","2018-01-01","Warning","30"
"GE HEALTHCARE","APEX PRO CH","RT914166339GA","Telemetry Transmitter","2018-01-01","Warning","30"
"GE HEALTHCARE","APEX PRO CH","RT914166315GA","Telemetry Transmitter","2018-01-01","Warning","30"
"GE HEALTHCARE","APEX PRO CH","RT914166362GA","Telemetry Transmitter","2018-01-01","Warning","30"
"GE HEALTHCARE","APEX PRO CH","RT914166321GA","Telemetry Transmitter","2018-01-01","Warning","30"
"GE HEALTHCARE","APEX PRO CH","RT916162191SA","Telemetry Transmitter","2018-01-01","Warning","30"
"GE HEALTHCARE","APEX PRO CH","RT914166380GA","Telemetry Transmitter","2018-01-01","Warning","30"
"GE HEALTHCARE","APEX PRO CH","RT914166373GA","Telemetry Transmitter","2018-01-01","Warning","30"
"GE HEALTHCARE","APEX PRO CH","RT914166320GA","Telemetry Transmitter","2018-01-01","Warning","30"
"GE HEALTHCARE","APEX PRO CH","RT914166336GA","Telemetry Transmitter","2018-01-01","Warning","30"
"GE HEALTHCARE","APEX PRO CH","RT914166372GA","Telemetry Transmitter","2018-01-01","Warning","30"
"GE HEALTHCARE","APEX PRO CH","RT914126176GA","Telemetry Transmitter","2018-01-01","Warning","30"
"GE HEALTHCARE","APEX PRO CH","RT914166337GA","Telemetry Transmitter","2018-01-01","Warning","30"
"GE HEALTHCARE","APEX PRO CH","RT914126178GA","Telemetry Transmitter","2018-01-01","Warning","30"
"GE HEALTHCARE","APEX PRO CH","RT916059906GA","Telemetry Transmitter","2018-01-01","Warning","30"
"GE HEALTHCARE","PATIENT DATA MODULE (PDM)","SA315208552GA","Patient Monitor","2018-01-01","Critical","30"
"GE HEALTHCARE","PATIENT DATA MODULE (PDM)","SA315219009","Patient Monitor","2018-01-01","Critical","30"
"GE HEALTHCARE","PATIENT DATA MODULE (PDM)","SA315219102GA","Patient Monitor","2018-01-01","Critical","30"
"GE HEALTHCARE","PATIENT DATA MODULE (PDM)","SA314358024GA","Patient Monitor","2018-01-01","Critical","30"
"GE HEALTHCARE","PATIENT DATA MODULE (PDM)","SA312152525GA","Patient Monitor","2018-01-01","Critical","30"
"GE HEALTHCARE","PATIENT DATA MODULE (PDM)","SA315219007GA","Patient Monitor","2018-01-01","Critical","30"
"GE HEALTHCARE","PATIENT DATA MODULE (PDM)","SA310518384GR","Patient Monitor","2018-01-01","Critical","30"
"GE HEALTHCARE","PATIENT DATA MODULE (PDM)","SA315070015GA","Patient Monitor","2018-01-01","Critical","30"
"GE HEALTHCARE","PATIENT DATA MODULE (PDM)","SA310518261GR","Patient Monitor","2018-01-01","Critical","30"
"GE HEALTHCARE","PATIENT DATA MODULE (PDM)","SA310496411GR","Patient Monitor","2018-01-01","Critical","30"
"GE HEALTHCARE","PATIENT DATA MODULE (PDM)","SA313230274GR","Patient Monitor","2018-01-01","Critical","30"
"GE HEALTHCARE","PATIENT DATA MODULE (PDM)","SA312132106GR","Patient Monitor","2018-01-01","Critical","30"
"GE HEALTHCARE","PATIENT DATA MODULE (PDM)","SA3132300157GR","Patient Monitor","2018-01-01","Critical","30"
"GE HEALTHCARE","PATIENT DATA MODULE (PDM)","SA315281904GA","Patient Monitor","2018-01-01","Critical","30"
"GE HEALTHCARE","PATIENT DATA MODULE (PDM)","SA315079992GA","Patient Monitor","2018-01-01","Critical","30"
"GE HEALTHCARE","PATIENT DATA MODULE (PDM)","SA310507316GR","Patient Monitor","2018-01-01","Critical","30"
"GE HEALTHCARE","PATIENT DATA MODULE (PDM)","SA313230430GR","Patient Monitor","2018-01-01","Critical","30"
"GE HEALTHCARE","PATIENT DATA MODULE (PDM)","SA309517777GR","Patient Monitor","2018-01-01","Critical","30"
"GE HEALTHCARE","PATIENT DATA MODULE (PDM)","SA313230464GR","Patient Monitor","2018-01-01","Critical","30"
"GE HEALTHCARE","PATIENT DATA MODULE (PDM)","SPX18510114SA","Patient Monitor","2018-01-01","Critical","30"
"GE HEALTHCARE","PATIENT DATA MODULE (PDM)","SA308511468GR","Patient Monitor","2018-01-01","Critical","30"
"GE HEALTHCARE","PATIENT DATA MODULE (PDM)","SA313230676GR","Patient Monitor","2018-01-01","Critical","30"
"GE HEALTHCARE","PATIENT DATA MODULE (PDM)","SA313219052GR","Patient Monitor","2018-01-01","Critical","30"
"GE HEALTHCARE","PATIENT DATA MODULE (PDM)","SA311069819GR","Patient Monitor","2018-01-01","Critical","30"
"GE HEALTHCARE","PATIENT DATA MODULE (PDM)","SPX18510041SA","Patient Monitor","2018-01-01","Critical","30"
"GE HEALTHCARE","PATIENT DATA MODULE (PDM)","SA315281909GA","Patient Monitor","2018-01-01","Critical","30"
"GE HEALTHCARE","PATIENT DATA MODULE (PDM)","SA313230457GR","Patient Monitor","2018-01-01","Critical","30"
"GE HEALTHCARE","PATIENT DATA MODULE (PDM)","SA310496410GR","Patient Monitor","2018-01-01","Critical","30"
"GE HEALTHCARE","PATIENT DATA MODULE (PDM)","SA314326586GA","Patient Monitor","2018-01-01","Critical","30"
"GE HEALTHCARE","PATIENT DATA MODULE (PDM)","SA318200468SA","Patient Monitor","2018-01-01","Critical","30"
"GE HEALTHCARE","PATIENT DATA MODULE (PDM)","SA313230453GR","Patient Monitor","2018-01-01","Critical","30"
"GE HEALTHCARE","PATIENT DATA MODULE (PDM)","SA315070003GA","Patient Monitor","2018-01-01","Critical","30"
"GE HEALTHCARE","PATIENT DATA MODULE (PDM)","SA315079984GA","Patient Monitor","2018-01-01","Critical","30"
"GE HEALTHCARE","PATIENT DATA MODULE (PDM)","SA315070002GA","Patient Monitor","2018-01-01","Critical","30"
"GE HEALTHCARE","PATIENT DATA MODULE (PDM)","SA315079980GA","Patient Monitor","2018-01-01","Critical","30"
"GE HEALTHCARE","PATIENT DATA MODULE (PDM)","SA310465295GR","Patient Monitor","2018-01-01","Critical","30"
"GE HEALTHCARE","PATIENT DATA MODULE (PDM)","SA313106097GR","Patient Monitor","2018-01-01","Critical","30"
"GE HEALTHCARE","PATIENT DATA MODULE (PDM)","SA313127233GR","Patient Monitor","2018-01-01","Critical","30"
"GE HEALTHCARE","PATIENT DATA MODULE (PDM)","SA318360435SA","Patient Monitor","2018-01-01","Critical","30"
"GE HEALTHCARE","PATIENT DATA MODULE (PDM)","SA315079977GA","Patient Monitor","2018-01-01","Critical","30"
"GE HEALTHCARE","PATIENT DATA MODULE (PDM)","SA315079989GA","Patient Monitor","2018-01-01","Critical","30"
"GE HEALTHCARE","PATIENT DATA MODULE (PDM)","SA315058576GA","Patient Monitor","2018-01-01","Critical","30"
"GE HEALTHCARE","PATIENT DATA MODULE (PDM)","SA313230456GR","Patient Monitor","2018-01-01","Critical","30"
"GE HEALTHCARE","PATIENT DATA MODULE (PDM)","SA313230407GR","Patient Monitor","2018-01-01","Critical","30"
"GE HEALTHCARE","PATIENT DATA MODULE (PDM)","SA315079799GA","Patient Monitor","2018-01-01","Critical","30"
"GE HEALTHCARE","PATIENT DATA MODULE (PDM)","SA311184365GR","Patient Monitor","2018-01-01","Critical","30"
"GE HEALTHCARE","PATIENT DATA MODULE (PDM)","SPX18500865SA","Patient Monitor","2018-01-01","Critical","30"
"GE HEALTHCARE","PATIENT DATA MODULE (PDM)","SA312152311GR","Patient Monitor","2018-01-01","Critical","30"
"HILL ROM","P1440","P216ME5983","Hospital Bed","2018-01-01","Warning","30"
"HILL ROM","P1440","P216ME5974","Hospital Bed","2018-01-01","Warning","30"
"HILL ROM","P1440","P216ME5972","Hospital Bed","2018-01-01","Warning","30"
"HILL ROM","P1440","P09AME5255","Hospital Bed","2018-01-01","Warning","30"
"HILL ROM","P1440","P164ME5640","Hospital Bed","2018-01-01","Warning","30"
"HILL ROM","P1440","P216ME5982","Hospital Bed","2018-01-01","Warning","30"
"HILL ROM","P1440","P216ME5981","Hospital Bed","2018-01-01","Warning","30"
"HILL ROM","P1440","P217ME5992","Hospital Bed","2018-01-01","Warning","30"
"HILL ROM","P1440","P216ME5980","Hospital Bed","2018-01-01","Warning","30"
"HILL ROM","P1440","Q139ME8104","Hospital Bed","2018-01-01","Warning","30"
"HILL ROM","P1440","Q139ME8102","Hospital Bed","2018-01-01","Warning","30"
"HILL ROM","P1440","Q125ME8074","Hospital Bed","2018-01-01","Warning","30"
"HILL ROM","P1440","Q126ME8091","Hospital Bed","2018-01-01","Warning","30"
"HILL ROM","P1440","Q126ME8089","Hospital Bed","2018-01-01","Warning","30"
"HILL ROM","P1440","Q126ME8092","Hospital Bed","2018-01-01","Warning","30"
"HILL ROM","P1440","Q120ME8059","Hospital Bed","2018-01-01","Warning","30"
"HILL ROM","P1440","Q126ME8088","Hospital Bed","2018-01-01","Warning","30"
"HILL ROM","P1440","Q139ME8099","Hospital Bed","2018-01-01","Warning","30"
"HILL ROM","P1440","Q120ME8057","Hospital Bed","2018-01-01","Warning","30"
"HILL ROM","P1440","Q120ME8058","Hospital Bed","2018-01-01","Warning","30"
"HILL ROM","P1440","Q125ME8078","Hospital Bed","2018-01-01","Warning","30"
"HILL ROM","P1440","Q141ME8112","Hospital Bed","2018-01-01","Warning","30"
"HILL ROM","P1440","Q139ME8103","Hospital Bed","2018-01-01","Warning","30"
"HILL ROM","P1440","Q139ME8100","Hospital Bed","2018-01-01","Warning","30"
"HILL ROM","P1440","Q139ME8105","Hospital Bed","2018-01-01","Warning","30"
"HILL ROM","P1440","M171ME6632","Hospital Bed","2018-01-01","Warning","30"
"HILL ROM","P1440","Q141ME8115","Hospital Bed","2018-01-01","Warning","30"
"HILL ROM","P1440","Q125ME8022","Hospital Bed","2018-01-01","Warning","30"
"HILL ROM","P1440","Q125ME8076","Hospital Bed","2018-01-01","Warning","30"
"HILL ROM","P1440","0139ME8098","Hospital Bed","2018-01-01","Warning","30"
"HILL ROM","P1440","Q145ME8148","Hospital Bed","2018-01-01","Warning","30"
"HILL ROM","P3200","J121AD6108","Unknown Device","2018-01-01","Warning","30"
"HILL ROM","P3200","J303AD1205","Unknown Device","2018-01-01","Warning","30"
"HILL ROM","P3200","J304AD1213","Unknown Device","2018-01-01","Warning","30"
"HILL ROM","P3200","I288AD1837","Unknown Device","2018-01-01","Warning","30"
"HILL ROM","P3200","J121AD6107","Unknown Device","2018-01-01","Warning","30"
"HILL ROM","P3200","J304AD1237","Unknown Device","2018-01-01","Warning","30"
"HILL ROM","P3200","I288AD1864","Unknown Device","2018-01-01","Warning","30"
"HILL ROM","P3200","J140AD7282","Unknown Device","2018-01-01","Warning","30"
"HILL ROM","P3200","J304AD1225","Unknown Device","2018-01-01","Warning","30"
"HILL ROM","P3200","J129AD6633","Unknown Device","2018-01-01","Warning","30"
"HILL ROM","P3200","J303AD1201","Unknown Device","2018-01-01","Warning","30"
"HILL ROM","P3200","J128AD6593","Unknown Device","2018-01-01","Warning","30"
"HILL ROM","P3200","J304AD1247","Unknown Device","2018-01-01","Warning","30"
"HILL ROM","P3200","H195AD1457","Unknown Device","2018-01-01","Warning","30"
"HILL ROM","P3200","J141AD7277","Unknown Device","2018-01-01","Warning","30"
"HILL ROM","P3200","J128AD6595","Unknown Device","2018-01-01","Warning","30"
"HILL ROM","P3200","J312AD1963","Unknown Device","2018-01-01","Warning","30"
"HILL ROM","P3200","J148AD7733","Unknown Device","2018-01-01","Warning","30"
"HILL ROM","P3200","J128AD6617","Unknown Device","2018-01-01","Warning","30"
"HILL ROM","P3200","J121AD6110","Unknown Device","2018-01-01","Warning","30"
"HILL ROM","P3200","J304AD1215","Unknown Device","2018-01-01","Warning","30"
"HILL ROM","CENTURYP1400","L070HE0786","Unknown Device","2018-01-01","Warning","30"
"HILL ROM","CENTURYP1400","103AG0982","Unknown Device","2018-01-01","Warning","30"
"HILL ROM","CENTURYP1400","G192AG4641","Unknown Device","2018-01-01","Warning","30"
"HILL ROM","CENTURYP1400","L070HE0791","Unknown Device","2018-01-01","Warning","30"
"HILL ROM","CENTURYP1400","1039AG1009","Unknown Device","2018-01-01","Warning","30"
"HILL ROM","CENTURYP1400","L230HE3537","Unknown Device","2018-01-01","Warning","30"
"HILL ROM","CENTURYP1400","B334AG6731","Unknown Device","2018-01-01","Warning","30"
"HILL ROM","CENTURYP1400","B333AG6698","Unknown Device","2018-01-01","Warning","30"
"HILL ROM","CENTURYP1400","B333AG6701","Unknown Device","2018-01-01","Warning","30"
"HILL ROM","CENTURYP1400","B333AG6703","Unknown Device","2018-01-01","Warning","30"
"HILL ROM","CENTURYP1400","B334AG6725","Unknown Device","2018-01-01","Warning","30"
"HILL ROM","CENTURYP1400","B334AG6738","Unknown Device","2018-01-01","Warning","30"
"HILL ROM","CENTURYP1400","B334AG6737","Unknown Device","2018-01-01","Warning","30"
"HILL ROM","CENTURYP1400","B332AG6683","Unknown Device","2018-01-01","Warning","30"
"HILL ROM","CENTURYP1400","B334AG6727","Unknown Device","2018-01-01","Warning","30"
"HILL ROM","CENTURYP1400","B334AG6740","Unknown Device","2018-01-01","Warning","30"
"HILL ROM","CENTURYP1400","B333AG6695","Unknown Device","2018-01-01","Warning","30"
"HILL ROM","CENTURYP1400","B334AG6735","Unknown Device","2018-01-01","Warning","30"
"HILL ROM","CENTURYP1400","B333AG6797","Unknown Device","2018-01-01","Warning","30"
"HILL ROM","CENTURYP1400","B332AG6681","Unknown Device","2018-01-01","Warning","30"
"HILL ROM","CENTURYP1400","B333AG6699","Unknown Device","2018-01-01","Warning","30"
"HILL ROM","CENTURYP1400","B333AG6700","Unknown Device","2018-01-01","Warning","30"
"HILL ROM","CENTURYP1400","B333AG6706","Unknown Device","2018-01-01","Warning","30"
"HILL ROM","CENTURYP1400","B333AG6708","Unknown Device","2018-01-01","Warning","30"
"HILL ROM","CENTURYP1400","N177ME1533","Unknown Device","2018-01-01","Warning","30"
"HILL ROM","CENTURYP1400","B332AG6677","Unknown Device","2018-01-01","Warning","30"
"HILL ROM","CENTURYP1400","N177ME1539","Unknown Device","2018-01-01","Warning","30"
"BAXTER HEALTHCARE CORP.","SPECTRUM IQ","3757686","Infusion Pump","2018-01-01","Critical","30"
"BAXTER HEALTHCARE CORP.","SPECTRUM IQ","3757504","Infusion Pump","2018-01-01","Critical","30"
"BAXTER HEALTHCARE CORP.","SPECTRUM IQ","3757280","Infusion Pump","2018-01-01","Critical","30"
"BAXTER HEALTHCARE CORP.","SPECTRUM IQ","3757194","Infusion Pump","2018-01-01","Critical","30"
"BAXTER HEALTHCARE CORP.","SPECTRUM IQ","3757377","Infusion Pump","2018-01-01","Critical","30"
"BAXTER HEALTHCARE CORP.","SPECTRUM IQ","3827871","Infusion Pump","2018-01-01","Critical","30"
"BAXTER HEALTHCARE CORP.","SPECTRUM IQ","3828391","Infusion Pump","2018-01-01","Critical","30"
"BAXTER HEALTHCARE CORP.","SPECTRUM IQ","3816037","Infusion Pump","2018-01-01","Critical","30"
"BAXTER HEALTHCARE CORP.","SPECTRUM IQ","3828200","Infusion Pump","2018-01-01","Critical","30"
"BAXTER HEALTHCARE CORP.","SPECTRUM IQ","3822726","Infusion Pump","2018-01-01","Critical","30"
"BAXTER HEALTHCARE CORP.","SPECTRUM IQ","3831807","Infusion Pump","2018-01-01","Critical","30"
"BAXTER HEALTHCARE CORP.","SPECTRUM IQ","3830586","Infusion Pump","2018-01-01","Critical","30"
"BAXTER HEALTHCARE CORP.","SPECTRUM IQ","3831239","Infusion Pump","2018-01-01","Critical","30"
"BAXTER HEALTHCARE CORP.","SPECTRUM IQ","3782633","Infusion Pump","2018-01-01","Critical","30"
"BAXTER HEALTHCARE CORP.","SPECTRUM IQ","3830354","Infusion Pump","2018-01-01","Critical","30"
"BAXTER HEALTHCARE CORP.","SPECTRUM IQ","3825223","Infusion Pump","2018-01-01","Critical","30"
"BAXTER HEALTHCARE CORP.","SPECTRUM IQ","3825288","Infusion Pump","2018-01-01","Critical","30"
"BAXTER HEALTHCARE CORP.","SPECTRUM IQ","3785541","Infusion Pump","2018-01-01","Critical","30"
"BAXTER HEALTHCARE CORP.","SPECTRUM IQ","3825471","Infusion Pump","2018-01-01","Critical","30"
"BAXTER HEALTHCARE CORP.","SPECTRUM IQ","3785793","Infusion Pump","2018-01-01","Critical","30"
"BAXTER HEALTHCARE CORP.","SPECTRUM IQ","3825020","Infusion Pump","2018-01-01","Critical","30"
"BAXTER HEALTHCARE CORP.","SPECTRUM IQ","3823921","Infusion Pump","2018-01-01","Critical","30"
"BAXTER HEALTHCARE CORP.","SPECTRUM IQ","3823577","Infusion Pump","2018-01-01","Critical","30"
"BAXTER HEALTHCARE CORP.","SPECTRUM IQ","3805055","Infusion Pump","2018-01-01","Critical","30"
"BAXTER HEALTHCARE CORP.","SPECTRUM IQ","3826615","Infusion Pump","2018-01-01","Critical","30"
"BAXTER HEALTHCARE CORP.","SPECTRUM IQ","3826190","Infusion Pump","2018-01-01","Critical","30"
"BAXTER HEALTHCARE CORP.","SPECTRUM IQ","3826314","Infusion Pump","2018-01-01","Critical","30"
"BAXTER HEALTHCARE CORP.","SPECTRUM IQ","3826273","Infusion Pump","2018-01-01","Critical","30"
"BAXTER HEALTHCARE CORP.","SPECTRUM IQ","3827365","Infusion Pump","2018-01-01","Critical","30"
"BAXTER HEALTHCARE CORP.","SPECTRUM IQ","3827207","Infusion Pump","2018-01-01","Critical","30"
"BAXTER HEALTHCARE CORP.","SPECTRUM IQ","3827402","Infusion Pump","2018-01-01","Critical","30"
"BAXTER HEALTHCARE CORP.","SPECTRUM IQ","3817236","Infusion Pump","2018-01-01","Critical","30"
"BAXTER HEALTHCARE CORP.","SPECTRUM IQ","3827856","Infusion Pump","2018-01-01","Critical","30"
"BAXTER HEALTHCARE CORP.","SPECTRUM IQ","3827685","Infusion Pump","2018-01-01","Critical","30"
"BAXTER HEALTHCARE CORP.","SPECTRUM IQ","3827744","Infusion Pump","2018-01-01","Critical","30"
"BAXTER HEALTHCARE CORP.","SPECTRUM IQ","3827658","Infusion Pump","2018-01-01","Critical","30"
"BAXTER HEALTHCARE CORP.","SPECTRUM IQ","3827902","Infusion Pump","2018-01-01","Critical","30"
"BAXTER HEALTHCARE CORP.","SPECTRUM IQ","3827796","Infusion Pump","2018-01-01","Critical","30"
"PHILIPS","MX500","DE671R3701","Patient Monitor","2018-01-01","Critical","30"
"PHILIPS","MX500","DE671R3663","Patient Monitor","2018-01-01","Critical","30"
"PHILIPS","MX500","DE671R3664","Patient Monitor","2018-01-01","Critical","30"
"PHILIPS","MX500","DE671R3705","Patient Monitor","2018-01-01","Critical","30"
"PHILIPS","MX500","DE671R3760","Patient Monitor","2018-01-01","Critical","30"
"PHILIPS","MX500","DE671R3685","Patient Monitor","2018-01-01","Critical","30"
"PHILIPS","MX500","DE671R3691","Patient Monitor","2018-01-01","Critical","30"
"PHILIPS","MX500","DE351B7530","Patient Monitor","2018-01-01","Critical","30"
"PHILIPS","MX500","DE671T5134","Patient Monitor","2018-01-01","Critical","30"
"PHILIPS","MX500","DE671T5131","Patient Monitor","2018-01-01","Critical","30"
"PHILIPS","MX500","DE671T4113","Patient Monitor","2018-01-01","Critical","30"
"PHILIPS","MX500","DE671T5132","Patient Monitor","2018-01-01","Critical","30"
"PHILIPS","MX500","DE671T5133","Patient Monitor","2018-01-01","Critical","30"
"PHILIPS","MX500","DE7770D7J2","Patient Monitor","2018-01-01","Critical","30"
"Edan Instruments","F9EXPRESS","M19804740024","Fetal Monitor","2019-01-01","Warning","100"
"Edan Instruments","F9EXPRESS","M19804740020","Fetal Monitor","2019-01-01","Warning","100"
"Edan Instruments","F9EXPRESS","M19804740011","Fetal Monitor","2019-01-01","Warning","100"
"Edan Instruments","F9EXPRESS","M19804740025","Fetal Monitor","2019-01-01","Warning","100"
"Edan Instruments","F9EXPRESS","M19804740005","Fetal Monitor","2019-01-01","Warning","100"
"Edan Instruments","F9EXPRESS","M19804740015","Fetal Monitor","2019-01-01","Warning","100"
"Edan Instruments","F9EXPRESS","M19804740016","Fetal Monitor","2019-01-01","Warning","100"
"Edan Instruments","F9EXPRESS","M1980570002","Fetal Monitor","2019-01-01","Warning","100"
"Edan Instruments","F9EXPRESS","M19804740001","Fetal Monitor","2019-01-01","Warning","100"
"Edan Instruments","F9EXPRESS","M19804740013","Fetal Monitor","2019-01-01","Warning","100"
"Edan Instruments","F9EXPRESS","M19804740022","Fetal Monitor","2019-01-01","Warning","100"
"Edan Instruments","ELITEV5","M19805320027","Patient Monitor","2019-01-01","Critical","100"
"Edan Instruments","ELITEV5","M19701080008","Patient Monitor","2019-01-01","Critical","100"
"Edan Instruments","ELITEV5","M19701080003","Patient Monitor","2019-01-01","Critical","100"
"Edan Instruments","ELITEV5","M19701080007","Patient Monitor","2019-01-01","Critical","100"
"Edan Instruments","ELITEV5","M19507110013","Patient Monitor","2019-01-01","Critical","100"
"Edan Instruments","ELITEV5","M19507110011","Patient Monitor","2019-01-01","Critical","100"
"Edan Instruments","ELITEV5","M19701080019","Patient Monitor","2019-01-01","Critical","100"
"Edan Instruments","ELITEV5","M19805320022","Patient Monitor","2019-01-01","Critical","100"
"Edan Instruments","ELITEV5","M19702060009","Patient Monitor","2019-01-01","Critical","100"
"Edan Instruments","ELITEV5","M19805320040","Patient Monitor","2019-01-01","Critical","100"
"Edan Instruments","ELITEV5","M19805320023","Patient Monitor","2019-01-01","Critical","100"
"Edan Instruments","ELITEV5","M19805320016","Patient Monitor","2019-01-01","Critical","100"
"Edan Instruments","ELITEV5","M19805320048","Patient Monitor","2019-01-01","Critical","100"
"Edan Instruments","ELITEV5","M19805320020","Patient Monitor","2019-01-01","Critical","100"
"Edan Instruments","ELITEV5","M19805320038","Patient Monitor","2019-01-01","Critical","100"
"Edan Instruments","ELITEV5","M19805320045","Patient Monitor","2019-01-01","Critical","100"
"Edan Instruments","ELITEV5","M19805320009","Patient Monitor","2019-01-01","Critical","100"
"Edan Instruments","ELITEV5","M19805320026","Patient Monitor","2019-01-01","Critical","100"
"Edan Instruments","IM70","M19805530018","Infusion Pump","2019-01-01","Critical","100"
"Edan Instruments","IM70","M19805530004","Infusion Pump","2019-01-01","Critical","100"
"Edan Instruments","IM70","M19805530017","Infusion Pump","2019-01-01","Critical","100"
"Edan Instruments","IM70","M19805530014","Infusion Pump","2019-01-01","Critical","100"
"Edan Instruments","IM70","M19805530019","Infusion Pump","2019-01-01","Critical","100"
"Edan Instruments","IM70","M19805530008","Infusion Pump","2019-01-01","Critical","100"
"Edan Instruments","IM70","M19805530010","Infusion Pump","2019-01-01","Critical","100"
"Edan Instruments","IM70","M19805530016","Infusion Pump","2019-01-01","Critical","100"
"Edan Instruments","IM70","M19805530003","Infusion Pump","2019-01-01","Critical","100"
"Edan Instruments","IM70","M19805530011","Infusion Pump","2019-01-01","Critical","100"
"Edan Instruments","IM70","M19805530006","Infusion Pump","2019-01-01","Critical","100"
"Edan Instruments","IM70","M19805530005","Infusion Pump","2019-01-01","Critical","100"
"Edan Instruments","IM70","M19805530007","Infusion Pump","2019-01-01","Critical","100"
"Edan Instruments","IM70","M19805530001","Infusion Pump","2019-01-01","Critical","100"
"Edan Instruments","IM70","M19805530013","Infusion Pump","2019-01-01","Critical","100"
"Edan Instruments","IM70","M19805530002","Infusion Pump","2019-01-01","Critical","100"
"Edan Instruments","iT20","M19413150003","Patient Monitor","2019-01-01","Critical","100"
"Edan Instruments","iT20","M19413130058","Patient Monitor","2019-01-01","Critical","100"
"Edan Instruments","iT20","M19413150044","Patient Monitor","2019-01-01","Critical","100"
"Edan Instruments","iT20","M19413150007","Patient Monitor","2019-01-01","Critical","100"
"Edan Instruments","iT20","M19413130016","Patient Monitor","2019-01-01","Critical","100"
"Edan Instruments","iT20","M19413130058","Patient Monitor","2019-01-01","Critical","100"
"Edan Instruments","iT20","M19413130060","Patient Monitor","2019-01-01","Critical","100"
"Edan Instruments","iT20","M19413130011","Patient Monitor","2019-01-01","Critical","100"
"Edan Instruments","iT20","M19413130027","Patient Monitor","2019-01-01","Critical","100"
"Edan Instruments","iT20","M19413130015","Patient Monitor","2019-01-01","Critical","100"
"Edan Instruments","iT20","M19706920013","Patient Monitor","2019-01-01","Critical","100"
"Edan Instruments","iT20","M19413130013","Patient Monitor","2019-01-01","Critical","100"
"Edan Instruments","iT20","M19413130052","Patient Monitor","2019-01-01","Critical","100"
"Masimo","RAD8","M192824","Pulse Oximeter","2019-01-01","Warning","100"
"Masimo","RAD8","M192444","Pulse Oximeter","2019-01-01","Warning","100"
"Masimo","RAD8","M192465","Pulse Oximeter","2019-01-01","Warning","100"
"Masimo","RAD8","M192344","Pulse Oximeter","2019-01-01","Warning","100"
"Edan Instruments","IM50","M19100850023","Infusion Pump","2019-10-01","Critical","100"
"Edan Instruments","IM50","M19100850015","Infusion Pump","2019-10-01","Critical","100"
"Edan Instruments","IM50","M19100850029","Infusion Pump","2019-10-01","Critical","100"
"Edan Instruments","IM50","M19100850033","Infusion Pump","2019-10-01","Critical","100"
"Edan Instruments","IM50","M19100850017","Infusion Pump","2019-10-01","Critical","100"
"Edan Instruments","IM50","M19100580024","Infusion Pump","2019-10-01","Critical","100"
"Edan Instruments","IM50","M19100850001","Infusion Pump","2019-10-01","Critical","100"
"Edan Instruments","IM50","M19110560012","Infusion Pump","2019-11-01","Critical","100"
"Edan Instruments","iT20","M20403290003","Patient Monitor","2020-01-01","Critical","100"
"Edan Instruments","iT20","M20403290001","Patient Monitor","2020-01-01","Critical","100"
"LINET","ELEGANZA 3","20210147025","Hospital Bed","2020-01-01","Good","100"
"LINET","ELEGANZA 3","20200275616","Hospital Bed","2020-01-01","Good","100"
"LINET","ELEGANZA 3","20210147077","Hospital Bed","2020-01-01","Good","100"
"LINET","ELEGANZA 3","20210149187","Hospital Bed","2020-01-01","Good","100"
"LINET","ELEGANZA 3","20210101683","Hospital Bed","2020-01-01","Good","100"
"LINET","ELEGANZA 3","20210101685","Hospital Bed","2020-01-01","Good","100"
"LINET","ELEGANZA 3","20210147060","Hospital Bed","2020-01-01","Good","100"
"LINET","ELEGANZA 3","20210147032","Hospital Bed","2020-01-01","Good","100"
"LINET","ELEGANZA 4","20240217185","Hospital Bed","2020-01-01","Good","100"
"LINET","ELEGANZA 4","20240217163","Hospital Bed","2020-01-01","Good","100"
"LINET","ELEGANZA 4","20240217171","Hospital Bed","2020-01-01","Good","100"
"LINET","ELEGANZA 4","20240217177","Hospital Bed","2020-01-01","Good","100"
"LINET","ELEGANZA 4","20240219124","Hospital Bed","2020-01-01","Good","100"
"LINET","ELEGANZA 4","20240211343","Hospital Bed","2020-01-01","Good","100"
"LINET","ELEGANZA 4","20240211435","Hospital Bed","2020-01-01","Good","100"
"LINET","ELEGANZA 4","20240315321","Hospital Bed","2020-01-01","Good","100"
"Stryker","1061","2021005801196","Surgical Table","2020-01-01","Good","100"
"Stryker","1061","2021005801198","Surgical Table","2020-01-01","Good","100"
"Stryker","1061","2021005801199","Surgical Table","2020-01-01","Good","100"
"Stryker","1061","2022005800690","Surgical Table","2020-01-01","Good","100"
"Stryker","1061","2022005800345","Surgical Table","2020-01-01","Good","100"
"Stryker","1061","2022005800343","Surgical Table","2020-01-01","Good","100"
"Stryker","1061","2022005800691","Surgical Table","2020-01-01","Good","100"
"Stryker","1061","2022005800344","Surgical Table","2020-01-01","Good","100"
"Stryker","1061","2021005801197","Surgical Table","2020-01-01","Good","100"
"Stryker","1115","2017006701271","Stretcher","2020-01-01","Good","100"
"Stryker","1115","2017006701256","Stretcher","2020-01-01","Good","100"
"Stryker","1115","2017006701268","Stretcher","2020-01-01","Good","100"
"Stryker","1115","2017006701273","Stretcher","2020-01-01","Good","100"
"Stryker","1115","2017006701253","Stretcher","2020-01-01","Good","100"
"Stryker","1115","2017006701272","Stretcher","2020-01-01","Good","100"
"Stryker","1115","2017006701266","Stretcher","2020-01-01","Good","100"
"Stryker","1115","2017006701259","Stretcher","2020-01-01","Good","100"
"Stryker","1115","2017006701254","Stretcher","2020-01-01","Good","100"
"Stryker","1115","2017006701257","Stretcher","2020-01-01","Good","100"
"Stryker","1115","2017006701267","Stretcher","2020-01-01","Good","100"
"Welch Allyn","FILAC3000","A2053244X","Thermometer","2020-01-01","Good","100"
"Welch Allyn","FILAC3000","A202057084X","Thermometer","2020-01-01","Good","100"
"Welch Allyn","FILAC3000","A2060906X","Thermometer","2020-01-01","Good","100"
"Welch Allyn","FILAC3000","A2066575X","Thermometer","2020-01-01","Good","100"
"Welch Allyn","FILAC3000","A2057370X","Thermometer","2020-01-01","Good","100"
"Welch Allyn","FILAC3000","A2055074X","Thermometer","2020-01-01","Good","100"
"Welch Allyn","FILAC3000","A2057912X","Thermometer","2020-01-01","Good","100"
"Welch Allyn","FILAC3000","A2057043X","Thermometer","2020-01-01","Good","100"
"Welch Allyn","FILAC3000","A2062842X","Thermometer","2020-01-01","Good","100"
"Welch Allyn","FILAC3000","A2060107X","Thermometer","2020-01-01","Good","100"
"Welch Allyn","FILAC3000","A2066567X","Thermometer","2020-01-01","Good","100"
"Welch Allyn","FILAC3000","A2057032X","Thermometer","2020-01-01","Good","100"
"Welch Allyn","FILAC3000","A206611345X","Thermometer","2020-01-01","Good","100"
"Welch Allyn","FILAC3000","A2066565X","Thermometer","2020-01-01","Good","100"
"Welch Allyn","FILAC3000","A2055919X","Thermometer","2020-01-01","Good","100"
"Welch Allyn","SPOT VITAL SIGNS","201507871","Vital Signs Monitor","2020-01-01","Good","100"
"Welch Allyn","SPOT VITAL SIGNS","201507902","Vital Signs Monitor","2020-01-01","Good","100"
"Welch Allyn","SPOT VITAL SIGNS","200810466","Vital Signs Monitor","2020-08-01","Good","100"
"Edan Instruments","iT20","M2012320037","Patient Monitor","2020-12-01","Critical","100"
"Edan Instruments","iT20","M21203860030","Patient Monitor","2021-01-01","Critical","100"
"Edan Instruments","iT20","M21203860028","Patient Monitor","2021-01-01","Critical","100"
"ARJO INC.","FLOWTRON","2100053978","DVT Prevention Device","2021-01-01","Good","100"
"ARJO INC.","FLOWTRON","2100054510","DVT Prevention Device","2021-01-01","Good","100"
"ARJO INC.","FLOWTRON","2100067774","DVT Prevention Device","2021-01-01","Good","100"
"ARJO INC.","FLOWTRON","2100054523","DVT Prevention Device","2021-01-01","Good","100"
"ARJO INC.","FLOWTRON","2100054001","DVT Prevention Device","2021-01-01","Good","100"
"ARJO INC.","FLOWTRON","2100054283","DVT Prevention Device","2021-01-01","Good","100"
"ARJO INC.","FLOWTRON","2100054494","DVT Prevention Device","2021-01-01","Good","100"
"ARJO INC.","FLOWTRON","2100054522","DVT Prevention Device","2021-01-01","Good","100"
"ARJO INC.","FLOWTRON","2100054527","DVT Prevention Device","2021-01-01","Good","100"
"ARJO INC.","FLOWTRON","2100064600","DVT Prevention Device","2021-01-01","Good","100"
"ARJO INC.","FLOWTRON","2100064601","DVT Prevention Device","2021-01-01","Good","100"
"ARJO INC.","FLOWTRON","2100053935","DVT Prevention Device","2021-01-01","Good","100"
"ARJO INC.","FLOWTRON","2100053984","DVT Prevention Device","2021-01-01","Good","100"
"ARJO INC.","FLOWTRON","2100053991","DVT Prevention Device","2021-01-01","Good","100"
"ARJO INC.","FLOWTRON","2100064603","DVT Prevention Device","2021-01-01","Good","100"
"ARJO INC.","FLOWTRON","2100053980","DVT Prevention Device","2021-01-01","Good","100"
"ARJO INC.","FLOWTRON","2100053932","DVT Prevention Device","2021-01-01","Good","100"
"ARJO INC.","FLOWTRON","2100053928","DVT Prevention Device","2021-01-01","Good","100"
"ARJO INC.","FLOWTRON","2100054542","DVT Prevention Device","2021-01-01","Good","100"
"ARJO INC.","FLOWTRON","2100054511","DVT Prevention Device","2021-01-01","Good","100"
"HILL ROM","P1440","P2164E5977","Hospital Bed","2021-01-01","Good","100"
"American Diagnostic","CE 1434","22192114","Stethoscope","2022-01-01","Good","100"
"American Diagnostic","CE 1434","22192189","Stethoscope","2022-01-01","Good","100"
"Edan Instruments","iT20","M22411170006","Patient Monitor","2022-01-01","Warning","100"
"Edan Instruments","iT20","M22411170008","Patient Monitor","2022-01-01","Warning","100"
"Edan Instruments","iT20","M23910480001","Patient Monitor","2023-01-01","Warning","100"
"Edan Instruments","SE1200EXPRESS","M23116470007","ECG Machine","2023-11-01","Good","100"
"American Diagnostic","CE 1434","C241870143","Stethoscope","2024-01-01","Good","100"
"American Diagnostic","CE 1434","C241870093","Stethoscope","2024-01-01","Good","100"
"American Diagnostic","CE 1434","C241843867","Stethoscope","2024-01-01","Good","100"
"American Diagnostic","CE 1434","C241843922","Stethoscope","2024-01-01","Good","100"
"American Diagnostic","CE 1434","C241843881","Stethoscope","2024-01-01","Good","100"
"American Diagnostic","CE 1434","C241843806","Stethoscope","2024-01-01","Good","100"
"Edan Instruments","iT20","M24402010037","Patient Monitor","2024-01-01","Good","100"
"Edan Instruments","iT20","M24402010035","Patient Monitor","2024-01-01","Good","100"
"Edan Instruments","iT20","M24402010034","Patient Monitor","2024-01-01","Good","100"
"Edan Instruments","iT20","M24408380006","Patient Monitor","2024-01-01","Good","100"
"Edan Instruments","iT20","M24408380010","Patient Monitor","2024-01-01","Good","100"
"Edan Instruments","iT20","M24408380009","Patient Monitor","2024-01-01","Good","100"
"Edan Instruments","iT20","M24408380008","Patient Monitor","2024-01-01","Good","100"
"Edan Instruments","iT20","M24408380007","Patient Monitor","2024-01-01","Good","100"
"Edan Instruments","iT20","M24408380001","Patient Monitor","2024-01-01","Good","100"
"Edan Instruments","iT20","M24408380003","Patient Monitor","2024-01-01","Good","100"
"Edan Instruments","iT20","M24408380004","Patient Monitor","2024-01-01","Good","100"
"Edan Instruments","iT20","M2415750004","Patient Monitor","2024-01-01","Good","100"
"Edan Instruments","iT20","M24408380002","Patient Monitor","2024-01-01","Good","100"
"Edan Instruments","iT20","M24408380005","Patient Monitor","2024-01-01","Good","100"
"LAB CORP.","642E","241013LB348","Laboratory Analyzer","2024-01-01","Good","100"
"LAB CORP.","642E","241013LB328","Laboratory Analyzer","2024-01-01","Good","100"
"Welch Allyn","SURETEMPPLUS","24519376","Thermometer","2024-01-01","Good","100"
"Philips","INTELLIVUE MX40","2569230","Patient Monitor","2025-01-01","Good","100"
"Edan Instruments","IM3","261436-M21508650086","Infusion Pump","2026-01-01","Good","100"
"Edan Instruments","IM3","261436-M21508650088","Infusion Pump","2026-01-01","Good","100"
"Edan Instruments","IM3","261436-M21508650067","Infusion Pump","2026-01-01","Good","100"
"Edan Instruments","IM3","262654-M24705640065","Infusion Pump","2026-01-01","Good","100"
"Edan Instruments","IM3","262654-M24903790011","Infusion Pump","2026-01-01","Good","100"
"Edan Instruments","IM3","262654-M24903790001","Infusion Pump","2026-01-01","Good","100"
"Edan Instruments","IM3","262096-M20706520060","Infusion Pump","2026-01-01","Good","100"
"Edan Instruments","IM3","261436-M20903720061","Infusion Pump","2026-01-01","Good","100"
"Edan Instruments","IM3","261436-M20903720005","Infusion Pump","2026-01-01","Good","100"
"Edan Instruments","IM70","260066-M20320530023","Infusion Pump","2026-01-01","Good","100"
"Edan Instruments","IM70","260066-M20320530024","Infusion Pump","2026-01-01","Good","100"
"Edan Instruments","IM70","260066-M20320530007","Infusion Pump","2026-01-01","Good","100"
"Edan Instruments","IM70","260066-M20320530030","Infusion Pump","2026-01-01","Good","100"
"Edan Instruments","IM70","260066-M16901980001","Infusion Pump","2026-01-01","Good","100"